"No","Tanggal Post","TIpe","Jenis Konten","Tema/Topik","Link","Account reach","Interaksi","Interaksi Tayangan","Likes","Komentar","Saves","Shares","AKtivitas Profil View Profile","Follow","Clicks link","Click alamat","Engagement Rate ()","Cost","","ADS Performance  Tanggal ","Cost ","Tayangan ","Durasi (hari) ","Hasil Interaksi ","Interaksi ","CAC","","CONVERSION  Jumlah Peserta","Peserta (iklan)","","","","","No","Tanggal","Jenis Konten","Account Reach","Views","Likes","","","","","","","",""
"1","10/03/2025","Random ","Foto","Rebranding Logo","https://www.instagram.com/p/DHArqAeBxAa/","873","","1,319","30","0","0","7","","","","","4.24","","","","","","","","","","","","","","","","","1","06/04/2025","Merapi Uncover","19019","20186","4","","","Tanggal","","","","",""
"2","10/03/2025","Annoucement","Foto","Open Internship","https://www.instagram.com/p/DHAtfCwBN9B/","813","","1,174","37","0","8","10","","","","","6.30","","","","","","","","","","","","","","","","","2","10/04/2025","Saluran Whatsapp","854","1114","0","","1","10-16 Maret 2025","1152","15","20","5","1167"
"3","15/03/2025","Activity ","Reels","GIM in Action","https://www.instagram.com/p/DHNyf9myNAO/","1,969","","2,861","32","0","3","1","","","6","","4.43","53574 of 164790","","","Rp53,574","","","","","","","","","","","","","3","11/04/2025","BTS produk","272","293","2","","2","17-23 Maret 2025","1167","27","36","9","1194"
"4","17/03/2025","Activity ","Carousel","GIM in Action","https://www.instagram.com/p/DHSj-NbBFJM/?img_index=1","2,749","","4,640","46","2","1","2","","","18","","2.59","80451 of 91324","","","","","","","","","","","","","","","","4","14/04/2025","SAR","212","229","2","","3","24-30 Maret 2025","1194","8","13","5","1202"
"5","","Edu","Carousel","GIM Insight","https://www.instagram.com/p/DHX5Ajwzh5K/?img_index=1","2,003","","3,235","77","2","4","2","","","20","","3.09","36118 of 41511","","","","","","","","","","","","","","","","5","15/04/2025","CHCNAV Indonav launch","504","551","6","","4","31 Maret- 6 April 2025","1202","3","13","10","1205"
"","25/03/2025","Promo","Foto","DJI Authorized Dealer","https://www.instagram.com/p/DHnTtgPBXGY/","495","","773","14","0","2","1","","","","","","","","","","","","","","","","","","","","","","6","19/04/2025","BTS Indonav","378","441","3","","5","7-13 April 2025","1205","39","47","8","1244"
"6","27/03/2025","","Foto Promo","Promos DJI Enterprise","https://www.instagram.com/p/DHslxvCBw-n/","403","","666","13","0","1","1","","","","","0.75","","","","","","","","","","","","","","","","","7","","","","","","","6","14-20 April 2025","1244","228","234","6","1472"
"7","","","Lebaran","","","","","","","","","","","","","","","","","","","","","","","","","","","","","","","8","","","","","","","7","","","","","",""
"8","08/04/2025","","Foto","Promo Apache Product","","4315","","6028","36","0","1","4","","","23","","","82473 of 84664","","","","","","","","","","","","","","","","9","","","","","","","8","","","","","",""
"9","10/04/2025","","Foto","Rebranding Nama GIM Surveyor","","459","","716","14","0","0","1","","","","","","","","","","","","","","","","","","","","","","10","","","","","","","9","","","","","",""
"10","11/04/2025","","Foto","Pengenalan GIM Learning CLub","","797","","1307","39","5","1","6","","","","","","","","","","","","","","","","","","","","","","11","","","","","","","10","","","","","",""
"11","14/04/2025","","Carousel","GIM Insight","","555","","1025","27","0","6","0","","","","","","","","","","","","","","","","","","","","","","12","","","","","","","11","","","","","",""
"12","14/04/2025","Training ","Foto","Training Orthoimage ","","8496","","14763","101","3","45","50","216","67","14","6","","","","","Rp33,777","2202","1","3","Click link web ","Rp11,259","","364","","","","","","13","","","","","","","12","","","","","",""
"13","15/04/2025","","Carousel","GIM Insight","","668","","1221","58","2","16","5","","","","","","","","","","","","","","","","","","","","","","14","","","","","","","13","","","","","",""
"14","16/04/2025","","Foto Promo","CHCNAV i76","","699","","1058","15","0","1","3","","","","","","","","","","","","","","","","","","","","","","15","","","","","","","14","","","","","",""
"15","17/04/2025","","Carousel","GIM Insight","","672","","1257","48","0","11","2","","","","","","","","","","","","","","","","","","","","","","16","","","","","","","15","","","","","",""
"16","18/04/2025","","Foto","Jumat Agung","","527","","724","6","0","0","0","","","","","","","","","","","","","","","","","","","","","","17","","","","","","","16","","","","","",""
"17","18/04/2025","","Foto Promo","CHCNAV iBase","","840","","1308","20","0","1","4","","","","","","","","","","","","","","","","","","","","","","18","","","","","","","17","","","","","",""
"18","20/04/2025","Training ","Foto","Training Lidar ","","11921","1177","20019","257","8","96","72","617","261","288","11","","","","23/04/2025","Rp33,719","5100","2","99","Click link web ","Rp341","","890","92","","","","","19","","","","","","","18","","","","","",""
"18","21/04/2025","","Foto Greetings","Hari Kartini","","511","","754","6","0","1","1","","","","","","","","","","","","","","","","","","","","","","19","","","","","","","18","","","","","",""
"19","","","","","","","","","","","","","","","","","","","","","","","","","","","","","","","","","","20","","","","","","","","","","","","",""
"20","","","","","","","","","","","","","","","","","","","","","","","","","","","","","","","","","","21","","","","","","","","","","","","",""
"21","","","","","","","","","","","","","","","","","","","","","","","","","","","","","","","","","","22","","","","","","","","","","","","",""
"22","","","","","","","","","","","","","","","","","","","","","","","","","","","","","","","","","","23","","","","","","","","","","","","",""
"23","","","","","","","","","","","","","","","","","","","","","","","","","","","","","","","","","","24","","","","","","","","","","","","",""
"24","","","","","","","","","","","","","","","","","","","","","","","","","","","","","","","","","","25","","","","","","","","","","","","",""
"25","","","","","","","","","","","","","","","","","","","","","","","","","","","","","","","","","","26","","","","","","","","","","","","",""
"26","","","","","","","","","","","","","","","","","","","","","","","","","","","","","","","","","","27","","","","","","","","","","","","",""
"27","","","","","","","","","","","","","","","","","","","","","","","","","","","","","","","","","","28","","","","","","","","","","","","",""
"28","","","","","","","","","","","","","","","","","","","","","","","","","","","","","","","","","","29","","","","","","","","","","","","",""
"29","","","","","","","","","","","","","","","","","","","","","","","","","","","","","","","","","","30","","","","","","","","","","","","",""
"30","","","","","","","","","","","","","","","","","","","","","","","","","","","","","","","","","","31","","","","","","","","","","","","",""
"","","","","","","","","","","","","","","","","","","","","20","85","IG GIM (50), WA (16), WEB (16)","FB ","24","","","","","","","","","","","","","","","","","","","","","","",""
"","","","","","","","","","","","","","","","","","","","","21","179","IG GIM (60), Web (10), Teman (10)","Instagram Akun Lainnya","29","","","","","","","","","","","","","","","","","","","","","","",""
"","","","","","","","","","","","","","","","","","","","","22","41","IG GIM (41), Teman (20)","Instagram GIM","410","","","","","","","","","","","","","","","","","","","","","","",""
"","","","","","","","","","","","","","","","","","","","","23","27","IG GIM (50), Web, WA ","Teman / Keluarga","152","","","","","","","","","","","","","","","","","","","","","","",""
"","","","","","","","","","","","","","","","","","","","","24","65","IG GIM (60), Teman, WA ","Web","50","","","","","","","","","","","","","","","","","","","","","","",""
"","","","","","","","","","","","","","","","","","","","","25","58","IG GIM (27),  WA (24), FB(12)","WA","224","","","","","","","","","","","","","","","","","","","","","","",""
"","","","","","","","","","","","","","","","","","","","","26","21","IG GIM (47), WA (19) ","","","","","","","","","","","","","","","","","","","","","","","","",""
"","","","","","","","","","","","","","","","","","","","","27","12","IG GIM (41), WA (25), Teman (25)","","","","","","","","","","","","","","","","","","","","","","","","",""
"","","","","","","","","","","","","","","","","","","","","28","76","IG GIM (36), WA (29), Teman (18)","","","","","","","","","","","","","","","","","","","","","","","","",""
"","","","","","","","","","","","","","","","","","","","","29","80","IG GIM (30), WA (30), Teman (25)","","","","","","","","","","","","","","","","","","","","","","","","",""
"","","","","","","","","","","","","","","","","","","","","30","136","Teman (40), wa (20)","","","","","","","","","","","","","","","","","","","","","","","","",""
"","","","","","","","","","","","","","","","","","","","","1","68","WA (30), IG GIM (26), Teman (22)","","","","","","","","","","","","","","","","","","","","","","","","",""
"","","","","","","","","","","","","","","","","","","","","2","41","Teman (43), wa (25)","","","","","","","","","","","","","","","","","","","","","","","","",""
"","","","","","","","","","","","","","","","","","","","","14","30","IG GIM (46), WA(16), Web (13)","","","","","","","","","","","","","","","","","","","","","","","","",""
"","","","","","","","","","","","","","","","","","","","","15","62","IG GIM (64), WA (11) ","","","","","","","","","","","","","","","","","","","","","","","","",""
"","","","","","","","","","","","","","","","","","","","","16","55","IG GIM (34), WA (32), Teman (18) ","","","","","","","","","","","","","","","","","","","","","","","","",""
"","","","","","","","","","","","","","","","","","","","","17","36","WA (27), IG GIM (25), Teman (25)","","","","","","","","","","","","","","","","","","","","","","","","",""
"","","","","","","","","","","","","","","","","","","","","18","10","IG GIM (40), Teman (40) ","","","","","","","","","","","","","","","","","","","","","","","","",""
"","","","","","","","","","","","","","","","","","","","","19","51","WA(58), Teman (25)","","","","","","","","","","","","","","","","","","","","","","","","",""
"","","","","","","","","","","","","","","","","","","","","20","10","WA (40), IG GIM (30), Teman (20)","","","","","","","","","","","","","","","","","","","","","","","","",""
"","","","","","","","","","","","","","","","","","","","","21","39","IG GIM (48), WA (23) ","","","","","","","","","","","","","","","","","","","","","","","","",""
"","","","","","","","","","","","","","","","","","","","","22","15","IG GIM (50), Teman (20) ","","","","","","","","","","","","","","","","","","","","","","","","",""
"","","","","","","","","","","","","","","","","","","","","23","15","IG GIM (70)","","","","","","","","","","","","","","","","","","","","","","","","",""
"","","","","","","","","","","","","","","","","","","","","24","15","IG GIM (70)","","","","","","","","","","","","","","","","","","","","","","","","",""
"","","","","","","","","","","","","","","","","","","","","25","26","IG GIM (46), Teman (26), WA (26) ","","","","","","","","","","","","","","","","","","","","","","","","",""
"","","","","","","","","","","","","","","","","","","","","1","","","","","","","","","","","","","","","","","","","","","","","","","","",""